{"cameraMode":{"drawMode":0,"name":"Shaded","section":"Shading Mode"},"sceneLighting":true,"audioPlay":false,"sceneViewState":{"m_AlwaysRefresh":false,"showFog":true,"showSkybox":true,"showFlares":true,"showImageEffects":true,"showParticleSystems":true,"showVisualEffectGraphs":true,"m_FxEnabled":true},"in2DMode":false,"pivot":{"x":1.3118133544921876,"y":6.4351959228515629,"z":-87.1109390258789},"rotation":{"x":0.05443153902888298,"y":0.16227175295352937,"z":0.008972973562777043,"w":-0.9853111505508423},"size":1.484682321548462,"orthographic":false}